"species","zooanthellae"
"Acanthastrea brevis","zooxanthellate"
"Acanthastrea echinata","zooxanthellate"
"Acanthastrea hemprichi","zooxanthellate"
"Acanthastrea minuta","zooxanthellate"
"Acanthastrea pachysepta","zooxanthellate"
"Acanthastrea rotundoflora","zooxanthellate"
"Acanthastrea subechinata","zooxanthellate"
"Acropora abrolhosensis","zooxanthellate"
"Acropora abrotanoides","zooxanthellate"
"Acropora aculeus","zooxanthellate"
"Acropora acuminata","zooxanthellate"
"Acropora anthocercis","zooxanthellate"
"Acropora appressa","zooxanthellate"
"Acropora arabensis","zooxanthellate"
"Acropora arafura","zooxanthellate"
"Acropora aspera","zooxanthellate"
"Acropora austera","zooxanthellate"
"Acropora awi","zooxanthellate"
"Acropora batunai","zooxanthellate"
"Acropora bifurcata","zooxanthellate"
"Acropora branchi","zooxanthellate"
"Acropora bushyensis","zooxanthellate"
"Acropora cardenae","zooxanthellate"
"Acropora carduus","zooxanthellate"
"Acropora caroliniana","zooxanthellate"
"Acropora cerealis","zooxanthellate"
"Acropora cervicornis","zooxanthellate"
"Acropora chesterfieldensis","zooxanthellate"
"Acropora clathrata","zooxanthellate"
"Acropora cophodactyla","zooxanthellate"
"Acropora cytherea","zooxanthellate"
"Acropora dendrum","zooxanthellate"
"Acropora derawanensis","zooxanthellate"
"Acropora desalwii","zooxanthellate"
"Acropora digitifera","zooxanthellate"
"Acropora divaricata","zooxanthellate"
"Acropora donei","zooxanthellate"
"Acropora downingi","zooxanthellate"
"Acropora echinata","zooxanthellate"
"Acropora elegans","zooxanthellate"
"Acropora elegantula","zooxanthellate"
"Acropora elseyi","zooxanthellate"
"Acropora eurystoma","zooxanthellate"
"Acropora exquisita","zooxanthellate"
"Acropora fastigata","zooxanthellate"
"Acropora fenneri","zooxanthellate"
"Acropora filiformis","zooxanthellate"
"Acropora florida","zooxanthellate"
"Acropora forskali","zooxanthellate"
"Acropora gemmifera","zooxanthellate"
"Acropora glauca","zooxanthellate"
"Acropora globiceps","zooxanthellate"
"Acropora gomezi","zooxanthellate"
"Acropora grandis","zooxanthellate"
"Acropora granulosa","zooxanthellate"
"Acropora haimei","zooxanthellate"
"Acropora halmaherae","zooxanthellate"
"Acropora hemprichii","zooxanthellate"
"Acropora hoeksemai","zooxanthellate"
"Acropora horrida","zooxanthellate"
"Acropora humilis","zooxanthellate"
"Acropora hyacinthus","zooxanthellate"
"Acropora indonesia","zooxanthellate"
"Acropora insignis","zooxanthellate"
"Acropora intermedia","zooxanthellate"
"Acropora jacquelineae","zooxanthellate"
"Acropora japonica","zooxanthellate"
"Acropora khayranensis","zooxanthellate"
"Acropora kimbeensis","zooxanthellate"
"Acropora kirstyae","zooxanthellate"
"Acropora kosurini","zooxanthellate"
"Acropora lamarcki","zooxanthellate"
"Acropora latistella","zooxanthellate"
"Acropora lianae","zooxanthellate"
"Acropora listeri","zooxanthellate"
"Acropora loisetteae","zooxanthellate"
"Acropora lokani","zooxanthellate"
"Acropora longicyathus","zooxanthellate"
"Acropora loripes","zooxanthellate"
"Acropora loveli","zooxanthellate"
"Acropora lutkeni","zooxanthellate"
"Acropora maryae","zooxanthellate"
"Acropora microclados","zooxanthellate"
"Acropora microphthalma","zooxanthellate"
"Acropora millepora","zooxanthellate"
"Acropora minuta","zooxanthellate"
"Acropora mirabilis","zooxanthellate"
"Acropora monticulosa","zooxanthellate"
"Acropora mossambica","zooxanthellate"
"Acropora multiacuta","zooxanthellate"
"Acropora muricata","zooxanthellate"
"Acropora nana","zooxanthellate"
"Acropora nasuta","zooxanthellate"
"Acropora natalensis","zooxanthellate"
"Acropora navini","zooxanthellate"
"Acropora palmata","zooxanthellate"
"Acropora palmerae","zooxanthellate"
"Acropora paniculata","zooxanthellate"
"Acropora papillare","zooxanthellate"
"Acropora paragemmifera","zooxanthellate"
"Acropora parahemprichii","zooxanthellate"
"Acropora parapharaonis","zooxanthellate"
"Acropora pectinata","zooxanthellate"
"Acropora pharaonis","zooxanthellate"
"Acropora pichoni","zooxanthellate"
"Acropora plantaginea","zooxanthellate"
"Acropora plumosa","zooxanthellate"
"Acropora polystoma","zooxanthellate"
"Acropora prolifera","zooxanthellate"
"Acropora proximalis","zooxanthellate"
"Acropora pruinosa","zooxanthellate"
"Acropora pulchra","zooxanthellate"
"Acropora retusa","zooxanthellate"
"Acropora ridzwani","zooxanthellate"
"Acropora robusta","zooxanthellate"
"Acropora rongelapensis","zooxanthellate"
"Acropora roseni","zooxanthellate"
"Acropora rudis","zooxanthellate"
"Acropora rufa","zooxanthellate"
"Acropora russelli","zooxanthellate"
"Acropora samoensis","zooxanthellate"
"Acropora sarmentosa","zooxanthellate"
"Acropora secale","zooxanthellate"
"Acropora selago","zooxanthellate"
"Acropora seriata","zooxanthellate"
"Acropora simplex","zooxanthellate"
"Acropora sirikitiae","zooxanthellate"
"Acropora solitaryensis","zooxanthellate"
"Acropora sordiensis","zooxanthellate"
"Acropora spathulata","zooxanthellate"
"Acropora speciosa","zooxanthellate"
"Acropora spicifera","zooxanthellate"
"Acropora squarrosa","zooxanthellate"
"Acropora striata","zooxanthellate"
"Acropora subglabra","zooxanthellate"
"Acropora subulata","zooxanthellate"
"Acropora suharsonoi","zooxanthellate"
"Acropora sukarnoi","zooxanthellate"
"Acropora tanegashimensis","zooxanthellate"
"Acropora tenella","zooxanthellate"
"Acropora tenuis","zooxanthellate"
"Acropora teres","zooxanthellate"
"Acropora torihalimeda","zooxanthellate"
"Acropora torresiana","zooxanthellate"
"Acropora tortuosa","zooxanthellate"
"Acropora turaki","zooxanthellate"
"Acropora valenciennesi","zooxanthellate"
"Acropora valida","zooxanthellate"
"Acropora variolosa","zooxanthellate"
"Acropora vaughani","zooxanthellate"
"Acropora verweyi","zooxanthellate"
"Acropora walindii","zooxanthellate"
"Acropora willisae","zooxanthellate"
"Acropora yongei","zooxanthellate"
"Agaricia agaricites","zooxanthellate"
"Agaricia fragilis","zooxanthellate"
"Agaricia grahamae","zooxanthellate"
"Agaricia humilis","zooxanthellate"
"Agaricia lamarcki","zooxanthellate"
"Agaricia tenuifolia","zooxanthellate"
"Agaricia undata","zooxanthellate"
"Alatotrochus rubescens","azooxanthellate"
"Alveopora allingi","zooxanthellate"
"Alveopora catalai","zooxanthellate"
"Alveopora daedalea","zooxanthellate"
"Alveopora excelsa","zooxanthellate"
"Alveopora fenestrata","zooxanthellate"
"Alveopora gigas","zooxanthellate"
"Alveopora japonica","zooxanthellate"
"Alveopora marionensis","zooxanthellate"
"Alveopora minuta","zooxanthellate"
"Alveopora ocellata","zooxanthellate"
"Alveopora spongiosa","zooxanthellate"
"Alveopora tizardi","zooxanthellate"
"Alveopora verrilliana","zooxanthellate"
"Alveopora viridis","zooxanthellate"
"Anacropora forbesi","zooxanthellate"
"Anacropora matthai","zooxanthellate"
"Anacropora pillai","zooxanthellate"
"Anacropora puertogalerae","zooxanthellate"
"Anacropora reticulata","zooxanthellate"
"Anacropora spinosa","zooxanthellate"
"Anacropora spumosa","zooxanthellate"
"Anomastraea irregularis","zooxanthellate"
"Anomocora carinata","azooxanthellate"
"Anomocora fecunda","azooxanthellate"
"Anomocora gigas","azooxanthellate"
"Anomocora marchadi","azooxanthellate"
"Anomocora prolifera","azooxanthellate"
"Anthemiphyllia dentata","azooxanthellate"
"Anthemiphyllia frustum","azooxanthellate"
"Anthemiphyllia macrolobata","azooxanthellate"
"Anthemiphyllia multidentata","azooxanthellate"
"Anthemiphyllia pacifica","azooxanthellate"
"Anthemiphyllia patera costata","azooxanthellate"
"Anthemiphyllia patera patera","azooxanthellate"
"Anthemiphyllia spinifera","azooxanthellate"
"Astrangia atrata","azooxanthellate"
"Astrangia browni","azooxanthellate"
"Astrangia californica","azooxanthellate"
"Astrangia conferta","azooxanthellate"
"Astrangia costata","azooxanthellate"
"Astrangia dentata","azooxanthellate"
"Astrangia equatorialis","azooxanthellate"
"Astrangia haimei","azooxanthellate"
"Astrangia howardi","azooxanthellate"
"Astrangia macrodentata","azooxanthellate"
"Astrangia mercatoris","azooxanthellate"
"Astrangia poculata","both"
"Astrangia rathbuni","azooxanthellate"
"Astrangia solitaria","azooxanthellate"
"Astrangia woodsi","azooxanthellate"
"Astrea annuligera","zooxanthellate"
"Astrea curta","zooxanthellate"
"Astrea devantieri","zooxanthellate"
"Astreopora cucullata","zooxanthellate"
"Astreopora expansa","zooxanthellate"
"Astreopora explanata","zooxanthellate"
"Astreopora gracilis","zooxanthellate"
"Astreopora incrustans","zooxanthellate"
"Astreopora lambertsi","zooxanthellate"
"Astreopora listeri","zooxanthellate"
"Astreopora macrostoma","zooxanthellate"
"Astreopora moretonensis","zooxanthellate"
"Astreopora myriophthalma","zooxanthellate"
"Astreopora ocellata","zooxanthellate"
"Astreopora randalli","zooxanthellate"
"Astreopora scabra","zooxanthellate"
"Astreopora suggesta","zooxanthellate"
"Astroides calycularis","azooxanthellate"
"Aulocyathus atlanticus","azooxanthellate"
"Aulocyathus juvenescens","azooxanthellate"
"Aulocyathus matricidus","azooxanthellate"
"Aulocyathus recidivus","azooxanthellate"
"Australocyathus vincentinus","azooxanthellate"
"Australogyra zelli","zooxanthellate"
"Australophyllia wilsoni","zooxanthellate"
"Balanophyllia bairdiana","azooxanthellate"
"Balanophyllia bayeri","azooxanthellate"
"Balanophyllia bonaespei","azooxanthellate"
"Balanophyllia capensis","azooxanthellate"
"Balanophyllia caribbeana","azooxanthellate"
"Balanophyllia carinata","azooxanthellate"
"Balanophyllia cedrosensis","azooxanthellate"
"Balanophyllia cellulosa","azooxanthellate"
"Balanophyllia chnous","azooxanthellate"
"Balanophyllia corniculans","azooxanthellate"
"Balanophyllia crassiseptum","azooxanthellate"
"Balanophyllia crassitheca","azooxanthellate"
"Balanophyllia cumingii","azooxanthellate"
"Balanophyllia cyathoides","azooxanthellate"
"Balanophyllia dentata","azooxanthellate"
"Balanophyllia desmophyllioides","azooxanthellate"
"Balanophyllia diademata","azooxanthellate"
"Balanophyllia diffusa","azooxanthellate"
"Balanophyllia dineta","azooxanthellate"
"Balanophyllia diomedeae","azooxanthellate"
"Balanophyllia dubia","azooxanthellate"
"Balanophyllia elegans","azooxanthellate"
"Balanophyllia europaea","zooxanthellate"
"Balanophyllia floridana","azooxanthellate"
"Balanophyllia galapagensis","azooxanthellate"
"Balanophyllia gemma","azooxanthellate"
"Balanophyllia gemmifera","azooxanthellate"
"Balanophyllia generatrix","azooxanthellate"
"Balanophyllia gigas","azooxanthellate"
"Balanophyllia hadros","azooxanthellate"
"Balanophyllia imperialis","azooxanthellate"
"Balanophyllia iwayamaensis","azooxanthellate"
"Balanophyllia japonica","azooxanthellate"
"Balanophyllia laysanensis","azooxanthellate"
"Balanophyllia malouinensis","azooxanthellate"
"Balanophyllia merguiensis","azooxanthellate"
"Balanophyllia palifera","azooxanthellate"
"Balanophyllia parallela","azooxanthellate"
"Balanophyllia parvula","azooxanthellate"
"Balanophyllia pittieri","azooxanthellate"
"Balanophyllia profundicella","azooxanthellate"
"Balanophyllia rediviva","azooxanthellate"
"Balanophyllia regalis","azooxanthellate"
"Balanophyllia regia","azooxanthellate"
"Balanophyllia scabra","azooxanthellate"
"Balanophyllia scabrosa","azooxanthellate"
"Balanophyllia serrata","azooxanthellate"
"Balanophyllia stimpsonii","azooxanthellate"
"Balanophyllia taprobanae","azooxanthellate"
"Balanophyllia tenuis","azooxanthellate"
"Balanophyllia thalassae","azooxanthellate"
"Balanophyllia ukrainensis","azooxanthellate"
"Balanophyllia vanderhorsti","azooxanthellate"
"Balanophyllia wellsi","azooxanthellate"
"Balanophyllia yongei","azooxanthellate"
"Bathelia candida","azooxanthellate"
"Bathycyathus chilensis","azooxanthellate"
"Bathypsammia fallosocialis","azooxanthellate"
"Bathypsammia tintinnabulum","azooxanthellate"
"Bernardpora stutchburyi","zooxanthellate"
"Blastomussa loyae","zooxanthellate"
"Blastomussa merleti","zooxanthellate"
"Blastomussa omanensis","zooxanthellate"
"Blastomussa vivida","zooxanthellate"
"Blastomussa wellsi","zooxanthellate"
"Blastotrochus nutrix","azooxanthellate"
"Boninastrea boninensis","zooxanthellate"
"Bourneotrochus stellulatus","azooxanthellate"
"Cantharellus doederleini","zooxanthellate"
"Cantharellus jebbi","zooxanthellate"
"Cantharellus noumeae","zooxanthellate"
"Caryophyllia abrupta","azooxanthellate"
"Caryophyllia abyssorum","azooxanthellate"
"Caryophyllia alaskensis","azooxanthellate"
"Caryophyllia alberti","azooxanthellate"
"Caryophyllia ambrosia","azooxanthellate"
"Caryophyllia antarctica","azooxanthellate"
"Caryophyllia antillarum","azooxanthellate"
"Caryophyllia arnoldi","azooxanthellate"
"Caryophyllia atlantica","azooxanthellate"
"Caryophyllia balaenacea","azooxanthellate"
"Caryophyllia barbadensis","azooxanthellate"
"Caryophyllia berteriana","azooxanthellate"
"Caryophyllia calveri","azooxanthellate"
"Caryophyllia cincticulatus","azooxanthellate"
"Caryophyllia cornulum","azooxanthellate"
"Caryophyllia corrugata","azooxanthellate"
"Caryophyllia crosnieri","azooxanthellate"
"Caryophyllia cyathus","azooxanthellate"
"Caryophyllia decamera","azooxanthellate"
"Caryophyllia dentata","azooxanthellate"
"Caryophyllia diomedeae","azooxanthellate"
"Caryophyllia eltaninae","azooxanthellate"
"Caryophyllia ephyala","azooxanthellate"
"Caryophyllia foresti","azooxanthellate"
"Caryophyllia grandis","azooxanthellate"
"Caryophyllia grayi","azooxanthellate"
"Caryophyllia hawaiiensis","azooxanthellate"
"Caryophyllia horologium","azooxanthellate"
"Caryophyllia inornata","azooxanthellate"
"Caryophyllia japonica","azooxanthellate"
"Caryophyllia jogashimaensis","azooxanthellate"
"Caryophyllia karubarica","azooxanthellate"
"Caryophyllia lamellifera","azooxanthellate"
"Caryophyllia mabahithi","azooxanthellate"
"Caryophyllia marmorea","azooxanthellate"
"Caryophyllia octonaria","azooxanthellate"
"Caryophyllia octopali","azooxanthellate"
"Caryophyllia paradoxus","azooxanthellate"
"Caryophyllia paucipalata","azooxanthellate"
"Caryophyllia paucipaliata","azooxanthellate"
"Caryophyllia perculta","azooxanthellate"
"Caryophyllia planilamellata","azooxanthellate"
"Caryophyllia polygona","azooxanthellate"
"Caryophyllia profunda","azooxanthellate"
"Caryophyllia quadragenaria","azooxanthellate"
"Caryophyllia quangdongensis","azooxanthellate"
"Caryophyllia ralphae","azooxanthellate"
"Caryophyllia rugosa","azooxanthellate"
"Caryophyllia sarsiae","azooxanthellate"
"Caryophyllia scillaemorpha","azooxanthellate"
"Caryophyllia scobinosa","azooxanthellate"
"Caryophyllia secta","azooxanthellate"
"Caryophyllia seguenzae","azooxanthellate"
"Caryophyllia sewelli","azooxanthellate"
"Caryophyllia smithii","azooxanthellate"
"Caryophyllia solida","azooxanthellate"
"Caryophyllia spinicarens","azooxanthellate"
"Caryophyllia spinigera","azooxanthellate"
"Caryophyllia squiresi","azooxanthellate"
"Caryophyllia stellula","azooxanthellate"
"Caryophyllia transversalis","azooxanthellate"
"Caryophyllia unicristata","azooxanthellate"
"Caryophyllia valdiviae","azooxanthellate"
"Caryophyllia versicolorata","azooxanthellate"
"Caryophyllia zopyros","azooxanthellate"
"Catalaphyllia jardinei","zooxanthellate"
"Caulastraea connata","zooxanthellate"
"Caulastraea curvata","zooxanthellate"
"Caulastraea echinulata","zooxanthellate"
"Caulastraea furcata","zooxanthellate"
"Caulastraea tumida","zooxanthellate"
"Ceratotrochus franciscana","azooxanthellate"
"Ceratotrochus magnaghii","azooxanthellate"
"Cladangia exusta","azooxanthellate"
"Cladocora arbuscula","zooxanthellate"
"Cladocora caespitosa","zooxanthellate"
"Cladocora debilis","azooxanthellate"
"Cladocora pacifica","azooxanthellate"
"Cladopsammia echinata","azooxanthellate"
"Cladopsammia eguchii","azooxanthellate"
"Cladopsammia gracilis","azooxanthellate"
"Cladopsammia manuelensis","azooxanthellate"
"Cladopsammia rolandi","azooxanthellate"
"Cladopsammia willeyi","azooxanthellate"
"Coelastrea aspera","zooxanthellate"
"Coelastrea palauensis","zooxanthellate"
"Coeloseris mayeri","zooxanthellate"
"Coenocyathus anthophyllites","azooxanthellate"
"Coenocyathus bowersi","azooxanthellate"
"Coenocyathus brooki","azooxanthellate"
"Coenocyathus cylindricus","azooxanthellate"
"Coenocyathus goreaui","azooxanthellate"
"Coenocyathus parvulus","azooxanthellate"
"Coenosmilia arbuscula","azooxanthellate"
"Coenosmilia inordinata","azooxanthellate"
"Colangia immersa","azooxanthellate"
"Colangia moseleyi","azooxanthellate"
"Colpophyllia natans","zooxanthellate"
"Concentrotheca laevigata","azooxanthellate"
"Concentrotheca vaughani","azooxanthellate"
"Confluphyllia juncta","azooxanthellate"
"Conocyathus gracilis","azooxanthellate"
"Conocyathus zelandiae","azooxanthellate"
"Conotrochus asymmetros","azooxanthellate"
"Conotrochus brunneus","azooxanthellate"
"Conotrochus funicolumna","azooxanthellate"
"Coscinaraea columna","zooxanthellate"
"Coscinaraea crassa","zooxanthellate"
"Coscinaraea exesa","zooxanthellate"
"Coscinaraea hahazimaensis","zooxanthellate"
"Coscinaraea marshae","zooxanthellate"
"Coscinaraea mcneilli","zooxanthellate"
"Coscinaraea monile","zooxanthellate"
"Craterastrea levis","zooxanthellate"
"Crispatotrochus cornu","azooxanthellate"
"Crispatotrochus curvatus","azooxanthellate"
"Crispatotrochus foxi","azooxanthellate"
"Crispatotrochus galapagensis","azooxanthellate"
"Crispatotrochus inornatus","azooxanthellate"
"Crispatotrochus irregularis","azooxanthellate"
"Crispatotrochus niinoi","azooxanthellate"
"Crispatotrochus rubescens","azooxanthellate"
"Crispatotrochus rugosus","azooxanthellate"
"Crispatotrochus squiresi","azooxanthellate"
"Crispatotrochus woodsi","azooxanthellate"
"Cryptotrochus brevipalus","azooxanthellate"
"Cryptotrochus carolinensis","azooxanthellate"
"Cryptotrochus javanus","azooxanthellate"
"Ctenactis albitentaculata","zooxanthellate"
"Ctenactis crassa","zooxanthellate"
"Ctenactis echinata","zooxanthellate"
"Ctenella chagius","zooxanthellate"
"Culicia australiensis","azooxanthellate"
"Culicia cuticulata","azooxanthellate"
"Culicia excavata","azooxanthellate"
"Culicia fragilis","azooxanthellate"
"Culicia hoffmeisteri","azooxanthellate"
"Culicia quinaria","azooxanthellate"
"Culicia rubeola","azooxanthellate"
"Culicia smithii","azooxanthellate"
"Culicia stellata","azooxanthellate"
"Culicia subaustraliensis","azooxanthellate"
"Culicia tenella natalensis","azooxanthellate"
"Culicia tenella tenella","azooxanthellate"
"Culicia tenuisepes","azooxanthellate"
"Culicia verreauxi","azooxanthellate"
"Cyathelia axillaris","azooxanthellate"
"Cyathotrochus nascornatus","azooxanthellate"
"Cyathotrochus pileus","azooxanthellate"
"Cycloseris boschmai","zooxanthellate"
"Cycloseris costulata","zooxanthellate"
"Cycloseris curvata","zooxanthellate"
"Cycloseris cyclolites","zooxanthellate"
"Cycloseris distorta","zooxanthellate"
"Cycloseris explanulata","zooxanthellate"
"Cycloseris fragilis","zooxanthellate"
"Cycloseris hexagonalis","zooxanthellate"
"Cycloseris mokai","zooxanthellate"
"Cycloseris sinensis","zooxanthellate"
"Cycloseris somervillei","zooxanthellate"
"Cycloseris tenuis","zooxanthellate"
"Cycloseris vaughani","zooxanthellate"
"Cycloseris wellsi","zooxanthellate"
"Cynarina lacrymalis","zooxanthellate"
"Cynarina macassarensis","zooxanthellate"
"Cyphastrea agassizi","zooxanthellate"
"Cyphastrea chalcidicum","zooxanthellate"
"Cyphastrea decadia","zooxanthellate"
"Cyphastrea hexasepta","zooxanthellate"
"Cyphastrea japonica","zooxanthellate"
"Cyphastrea microphthalma","zooxanthellate"
"Cyphastrea ocellina","zooxanthellate"
"Cyphastrea serailia","zooxanthellate"
"Dactylotrochus cervicornis","azooxanthellate"
"Danafungia horrida","zooxanthellate"
"Danafungia scruposa","zooxanthellate"
"Dasmosmilia lymani","azooxanthellate"
"Dasmosmilia variegata","azooxanthellate"
"Deltocyathoides orientalis","azooxanthellate"
"Deltocyathoides stimpsonii","azooxanthellate"
"Deltocyathus agassizi","azooxanthellate"
"Deltocyathus andamanicus","azooxanthellate"
"Deltocyathus calcar","azooxanthellate"
"Deltocyathus cameratus","azooxanthellate"
"Deltocyathus corrugatus","azooxanthellate"
"Deltocyathus crassiseptum","azooxanthellate"
"Deltocyathus eccentricus","azooxanthellate"
"Deltocyathus halianthus","azooxanthellate"
"Deltocyathus heteroclitus","azooxanthellate"
"Deltocyathus inusitiatus","azooxanthellate"
"Deltocyathus italicus","azooxanthellate"
"Deltocyathus magnificus","azooxanthellate"
"Deltocyathus moseleyi","azooxanthellate"
"Deltocyathus murrayi","azooxanthellate"
"Deltocyathus nascornatus","azooxanthellate"
"Deltocyathus ornatus","azooxanthellate"
"Deltocyathus parvulus","azooxanthellate"
"Deltocyathus philippinensis","azooxanthellate"
"Deltocyathus pourtalesi","azooxanthellate"
"Deltocyathus rotulus","azooxanthellate"
"Deltocyathus sarsi","azooxanthellate"
"Deltocyathus stella","azooxanthellate"
"Deltocyathus suluensis","azooxanthellate"
"Deltocyathus taiwanicus","azooxanthellate"
"Deltocyathus varians","azooxanthellate"
"Deltocyathus vaughani","azooxanthellate"
"Dendrogyra cylindrus","zooxanthellate"
"Dendrophyllia aculeata","azooxanthellate"
"Dendrophyllia alcocki","azooxanthellate"
"Dendrophyllia alternata","azooxanthellate"
"Dendrophyllia arbuscula","azooxanthellate"
"Dendrophyllia boschmai","azooxanthellate"
"Dendrophyllia californica","azooxanthellate"
"Dendrophyllia carleenae","azooxanthellate"
"Dendrophyllia cecilliana","azooxanthellate"
"Dendrophyllia cladonia","azooxanthellate"
"Dendrophyllia cornigera","azooxanthellate"
"Dendrophyllia cribrosa","azooxanthellate"
"Dendrophyllia dilatata","azooxanthellate"
"Dendrophyllia florulenta","azooxanthellate"
"Dendrophyllia ijimai","azooxanthellate"
"Dendrophyllia incisa","azooxanthellate"
"Dendrophyllia indica","azooxanthellate"
"Dendrophyllia johnsoni","azooxanthellate"
"Dendrophyllia laboreli","azooxanthellate"
"Dendrophyllia minuscula","azooxanthellate"
"Dendrophyllia oldroydae","azooxanthellate"
"Dendrophyllia radians","azooxanthellate"
"Dendrophyllia ramea","azooxanthellate"
"Dendrophyllia robusta","azooxanthellate"
"Dendrophyllia velata","azooxanthellate"
"Desmophyllum dianthus","azooxanthellate"
"Desmophyllum striatum","azooxanthellate"
"Dichocoenia stokesii","zooxanthellate"
"Dichopsammia granulosa","both"
"Diploastrea heliopora","zooxanthellate"
"Diploria labyrinthiformis","zooxanthellate"
"Dipsastraea albida","zooxanthellate"
"Dipsastraea amicorum","zooxanthellate"
"Dipsastraea camranensis","zooxanthellate"
"Dipsastraea danai","zooxanthellate"
"Dipsastraea faviaformis","zooxanthellate"
"Dipsastraea favus","zooxanthellate"
"Dipsastraea helianthoides","zooxanthellate"
"Dipsastraea lacuna","zooxanthellate"
"Dipsastraea laddi","zooxanthellate"
"Dipsastraea laxa","zooxanthellate"
"Dipsastraea lizardensis","zooxanthellate"
"Dipsastraea maritima","zooxanthellate"
"Dipsastraea marshae","zooxanthellate"
"Dipsastraea matthaii","zooxanthellate"
"Dipsastraea maxima","zooxanthellate"
"Dipsastraea pallida","zooxanthellate"
"Dipsastraea rosaria","zooxanthellate"
"Dipsastraea rotumana","zooxanthellate"
"Dipsastraea speciosa","zooxanthellate"
"Dipsastraea truncata","zooxanthellate"
"Dipsastraea veroni","zooxanthellate"
"Dipsastraea vietnamensis","zooxanthellate"
"Dipsastraea wisseli","zooxanthellate"
"Duncanopsammia axifuga","zooxanthellate"
"Dunocyathus parasiticus","azooxanthellate"
"Echinomorpha nishihirai","zooxanthellate"
"Echinophyllia aspera","zooxanthellate"
"Echinophyllia costata","zooxanthellate"
"Echinophyllia echinata","zooxanthellate"
"Echinophyllia echinoporoides","zooxanthellate"
"Echinophyllia orpheensis","zooxanthellate"
"Echinophyllia patula","zooxanthellate"
"Echinophyllia pectinata","zooxanthellate"
"Echinophyllia tarae","zooxanthellate"
"Echinopora ashmorensis","zooxanthellate"
"Echinopora forskaliana","zooxanthellate"
"Echinopora fruticulosa","zooxanthellate"
"Echinopora gemmacea","zooxanthellate"
"Echinopora grandicula","zooxanthellate"
"Echinopora hirsutissima","zooxanthellate"
"Echinopora horrida","zooxanthellate"
"Echinopora irregularis","zooxanthellate"
"Echinopora lamellosa","zooxanthellate"
"Echinopora mammiformis","zooxanthellate"
"Echinopora pacificus","zooxanthellate"
"Echinopora robusta","zooxanthellate"
"Echinopora taylorae","zooxanthellate"
"Echinopora tiranensis","zooxanthellate"
"Eguchipsammia cornucopia","azooxanthellate"
"Eguchipsammia fistula","azooxanthellate"
"Eguchipsammia gaditana","azooxanthellate"
"Eguchipsammia japonica","azooxanthellate"
"Eguchipsammia serpentina","azooxanthellate"
"Eguchipsammia wellsi","azooxanthellate"
"Enallopsammia profunda","azooxanthellate"
"Enallopsammia pusilla","azooxanthellate"
"Enallopsammia rostrata","azooxanthellate"
"Endocyathopora laticostata","azooxanthellate"
"Endopachys grayi","azooxanthellate"
"Endopsammia philippensis","azooxanthellate"
"Endopsammia pourtalesi","azooxanthellate"
"Endopsammia regularis","azooxanthellate"
"Enigmopora darveliensis","zooxanthellate"
"Ericiocyathus echinatus","azooxanthellate"
"Erythrastrea flabellata","zooxanthellate"
"Euphyllia ancora","zooxanthellate"
"Euphyllia cristata","zooxanthellate"
"Euphyllia divisa","zooxanthellate"
"Euphyllia fimbriata","zooxanthellate"
"Euphyllia glabrescens","zooxanthellate"
"Euphyllia paraancora","zooxanthellate"
"Euphyllia paradivisa","zooxanthellate"
"Euphyllia paraglabrescens","zooxanthellate"
"Euphyllia yaeyamaensis","zooxanthellate"
"Eusmilia fastigiata","zooxanthellate"
"Falcatoflabellum raoulensis","azooxanthellate"
"Favia fragum","zooxanthellate"
"Favia gravida","zooxanthellate"
"Favia leptophylla","zooxanthellate"
"Favites abdita","zooxanthellate"
"Favites acuticollis","zooxanthellate"
"Favites chinensis","zooxanthellate"
"Favites colemani","zooxanthellate"
"Favites complanata","zooxanthellate"
"Favites flexuosa","zooxanthellate"
"Favites halicora","zooxanthellate"
"Favites magnistellata","zooxanthellate"
"Favites melicerum","zooxanthellate"
"Favites micropentagonus","zooxanthellate"
"Favites paraflexuosus","zooxanthellate"
"Favites pentagona","zooxanthellate"
"Favites rotundata","zooxanthellate"
"Favites spinosa","zooxanthellate"
"Favites stylifera","zooxanthellate"
"Favites valenciennesi","zooxanthellate"
"Favites vasta","zooxanthellate"
"Flabellum alabastrum","azooxanthellate"
"Flabellum angulare","azooxanthellate"
"Flabellum angustum","azooxanthellate"
"Flabellum aotearoa","azooxanthellate"
"Flabellum apertum","azooxanthellate"
"Flabellum arcuatile","azooxanthellate"
"Flabellum areum","azooxanthellate"
"Flabellum atlanticum","azooxanthellate"
"Flabellum australe","azooxanthellate"
"Flabellum campanulatum","azooxanthellate"
"Flabellum chunii","azooxanthellate"
"Flabellum conuis","azooxanthellate"
"Flabellum curvatum","azooxanthellate"
"Flabellum daphnense","azooxanthellate"
"Flabellum deludens","azooxanthellate"
"Flabellum flexuosum","azooxanthellate"
"Flabellum floridanum","azooxanthellate"
"Flabellum folkesoni","azooxanthellate"
"Flabellum gardineri","azooxanthellate"
"Flabellum hoffmeisteri","azooxanthellate"
"Flabellum impensum","azooxanthellate"
"Flabellum japonicum","azooxanthellate"
"Flabellum knoxi","azooxanthellate"
"Flabellum lamellulosum","azooxanthellate"
"Flabellum lowekeyesi","azooxanthellate"
"Flabellum macandrewi","azooxanthellate"
"Flabellum magnificum","azooxanthellate"
"Flabellum marcus","azooxanthellate"
"Flabellum marenzelleri","azooxanthellate"
"Flabellum messum","azooxanthellate"
"Flabellum moseleyi","azooxanthellate"
"Flabellum ongulense","azooxanthellate"
"Flabellum patens","azooxanthellate"
"Flabellum pavoninum","azooxanthellate"
"Flabellum politum","azooxanthellate"
"Flabellum sexcostatum","azooxanthellate"
"Flabellum thouarsii","azooxanthellate"
"Flabellum transversale","azooxanthellate"
"Flabellum tuthilli","azooxanthellate"
"Flabellum vaughani","azooxanthellate"
"Foveolocyathus alternans","azooxanthellate"
"Foveolocyathus verconis","azooxanthellate"
"Fungia fungites","zooxanthellate"
"Fungiacyathus crispus","azooxanthellate"
"Fungiacyathus dennanti","azooxanthellate"
"Fungiacyathus fissidiscus","azooxanthellate"
"Fungiacyathus fissilis","azooxanthellate"
"Fungiacyathus fragilis","azooxanthellate"
"Fungiacyathus granulosus","azooxanthellate"
"Fungiacyathus hydra","azooxanthellate"
"Fungiacyathus marenzelleri","azooxanthellate"
"Fungiacyathus margaretae","azooxanthellate"
"Fungiacyathus multicarinatus","azooxanthellate"
"Fungiacyathus paliferus","azooxanthellate"
"Fungiacyathus pliciseptus","azooxanthellate"
"Fungiacyathus pseudostephanus","azooxanthellate"
"Fungiacyathus pusillus","azooxanthellate"
"Fungiacyathus sandoi","azooxanthellate"
"Fungiacyathus sibogae","azooxanthellate"
"Fungiacyathus stephanus","azooxanthellate"
"Fungiacyathus symmetricus","azooxanthellate"
"Fungiacyathus turbinolioides","azooxanthellate"
"Fungiacyathus variegatus","azooxanthellate"
"Galaxea acrhelia","zooxanthellate"
"Galaxea astreata","zooxanthellate"
"Galaxea cryptoramosa","zooxanthellate"
"Galaxea fascicularis","zooxanthellate"
"Galaxea horrescens","zooxanthellate"
"Galaxea longisepta","zooxanthellate"
"Galaxea paucisepta","zooxanthellate"
"Gardineria hawaiiensis","azooxanthellate"
"Gardineria minor","azooxanthellate"
"Gardineria paradoxa","azooxanthellate"
"Gardineria philippinensis","azooxanthellate"
"Gardineria simplex","azooxanthellate"
"Gardineroseris planulata","zooxanthellate"
"Goniastrea columella","zooxanthellate"
"Goniastrea edwardsi","zooxanthellate"
"Goniastrea favulus","zooxanthellate"
"Goniastrea minuta","zooxanthellate"
"Goniastrea pectinata","zooxanthellate"
"Goniastrea ramosa","zooxanthellate"
"Goniastrea retiformis","zooxanthellate"
"Goniastrea stelligera","zooxanthellate"
"Goniastrea thecata","zooxanthellate"
"Goniocorella dumosa","azooxanthellate"
"Goniopora albiconus","zooxanthellate"
"Goniopora burgosi","zooxanthellate"
"Goniopora cellulosa","zooxanthellate"
"Goniopora ciliatus","zooxanthellate"
"Goniopora columna","zooxanthellate"
"Goniopora diminuta","zooxanthellate"
"Goniopora djiboutiensis","zooxanthellate"
"Goniopora eclipsensis","zooxanthellate"
"Goniopora fruticosa","zooxanthellate"
"Goniopora gracilis","zooxanthellate"
"Goniopora lobata","zooxanthellate"
"Goniopora mauritiensis","zooxanthellate"
"Goniopora norfolkensis","zooxanthellate"
"Goniopora paliformis","zooxanthellate"
"Goniopora palmensis","zooxanthellate"
"Goniopora pandoraensis","zooxanthellate"
"Goniopora pearsoni","zooxanthellate"
"Goniopora pedunculata","zooxanthellate"
"Goniopora pendulus","zooxanthellate"
"Goniopora planulata","zooxanthellate"
"Goniopora polyformis","zooxanthellate"
"Goniopora savignyi","zooxanthellate"
"Goniopora somaliensis","zooxanthellate"
"Goniopora stokesi","zooxanthellate"
"Goniopora sultani","zooxanthellate"
"Goniopora tantillus","zooxanthellate"
"Goniopora tenella","zooxanthellate"
"Goniopora tenuidens","zooxanthellate"
"Guynia annulata","azooxanthellate"
"Gyrosmilia interrupta","zooxanthellate"
"Halomitra clavator","zooxanthellate"
"Halomitra pileus","zooxanthellate"
"Heliofungia actiniformis","zooxanthellate"
"Heliofungia fralinae","zooxanthellate"
"Helioseris cucullata","zooxanthellate"
"Herpolitha limax","zooxanthellate"
"Heterocyathus aequicostatus","both"
"Heterocyathus alternatus","both"
"Heterocyathus hemisphaericus","azooxanthellate"
"Heterocyathus sulcatus","both"
"Heteropsammia cochlea","both"
"Heteropsammia eupsammides","both"
"Holcotrochus crenulatus","azooxanthellate"
"Holcotrochus scriptus","azooxanthellate"
"Homophyllia australis","zooxanthellate"
"Homophyllia bowerbanki","zooxanthellate"
"Hoplangia durotrix","azooxanthellate"
"Horastrea indica","zooxanthellate"
"Hydnophora bonsai","zooxanthellate"
"Hydnophora exesa","zooxanthellate"
"Hydnophora grandis","zooxanthellate"
"Hydnophora microconos","zooxanthellate"
"Hydnophora pilosa","zooxanthellate"
"Hydnophora rigida","zooxanthellate"
"Idiotrochus emarciatus","azooxanthellate"
"Idiotrochus kikutii","azooxanthellate"
"Isophyllia rigida","zooxanthellate"
"Isophyllia sinuosa","zooxanthellate"
"Isopora brueggemanni","zooxanthellate"
"Isopora crateriformis","zooxanthellate"
"Isopora cuneata","zooxanthellate"
"Isopora elizabethensis","zooxanthellate"
"Isopora palifera","zooxanthellate"
"Isopora togianensis","zooxanthellate"
"Javania antarctica","azooxanthellate"
"Javania borealis","azooxanthellate"
"Javania cailleti","azooxanthellate"
"Javania californica","azooxanthellate"
"Javania exserta","azooxanthellate"
"Javania fusca","azooxanthellate"
"Javania insignis","azooxanthellate"
"Javania lamprotichum","azooxanthellate"
"Javania pseudoalabastra","azooxanthellate"
"Kionotrochus suteri","azooxanthellate"
"Labyrinthocyathus delicatus","azooxanthellate"
"Labyrinthocyathus facetus","azooxanthellate"
"Labyrinthocyathus langae","azooxanthellate"
"Labyrinthocyathus limatulus","azooxanthellate"
"Labyrinthocyathus quaylei","azooxanthellate"
"Leptastrea aequalis","zooxanthellate"
"Leptastrea bewickensis","zooxanthellate"
"Leptastrea bottae","zooxanthellate"
"Leptastrea inaequalis","zooxanthellate"
"Leptastrea pruinosa","zooxanthellate"
"Leptastrea purpurea","zooxanthellate"
"Leptastrea transversa","zooxanthellate"
"Leptopenus antarcticus","azooxanthellate"
"Leptopenus discus","azooxanthellate"
"Leptopenus hypocoelus","azooxanthellate"
"Leptopenus solidus","azooxanthellate"
"Leptopsammia britannica","azooxanthellate"
"Leptopsammia chevalieri","azooxanthellate"
"Leptopsammia columna","azooxanthellate"
"Leptopsammia crassa","azooxanthellate"
"Leptopsammia formosa","azooxanthellate"
"Leptopsammia poculum","azooxanthellate"
"Leptopsammia pruvoti","azooxanthellate"
"Leptopsammia queenslandiae","azooxanthellate"
"Leptopsammia stokesiana","azooxanthellate"
"Leptopsammia trinitatis","azooxanthellate"
"Leptoria irregularis","zooxanthellate"
"Leptoria phrygia","zooxanthellate"
"Leptoseris amitoriensis","zooxanthellate"
"Leptoseris cailleti","zooxanthellate"
"Leptoseris explanata","zooxanthellate"
"Leptoseris foliosa","zooxanthellate"
"Leptoseris fragilis","zooxanthellate"
"Leptoseris gardineri","zooxanthellate"
"Leptoseris glabra","zooxanthellate"
"Leptoseris hawaiiensis","zooxanthellate"
"Leptoseris incrustans","zooxanthellate"
"Leptoseris mycetoseroides","zooxanthellate"
"Leptoseris papyracea","zooxanthellate"
"Leptoseris scabra","zooxanthellate"
"Leptoseris solida","zooxanthellate"
"Leptoseris striata","zooxanthellate"
"Leptoseris tubulifera","zooxanthellate"
"Leptoseris yabei","zooxanthellate"
"Letepsammia fissilis","azooxanthellate"
"Letepsammia formosissima","azooxanthellate"
"Letepsammia franki","azooxanthellate"
"Letepsammia superstes","azooxanthellate"
"Lithophyllon concinna","zooxanthellate"
"Lithophyllon ranjithi","zooxanthellate"
"Lithophyllon repanda","zooxanthellate"
"Lithophyllon scabra","zooxanthellate"
"Lithophyllon spinifer","zooxanthellate"
"Lithophyllon undulatum","zooxanthellate"
"Lobactis scutaria","zooxanthellate"
"Lobophyllia agaricia","zooxanthellate"
"Lobophyllia corymbosa","zooxanthellate"
"Lobophyllia costata","zooxanthellate"
"Lobophyllia dentata","zooxanthellate"
"Lobophyllia diminuta","zooxanthellate"
"Lobophyllia erythraea","zooxanthellate"
"Lobophyllia flabelliformis","zooxanthellate"
"Lobophyllia hassi","zooxanthellate"
"Lobophyllia hataii","zooxanthellate"
"Lobophyllia hemprichii","zooxanthellate"
"Lobophyllia ishigakiensis","zooxanthellate"
"Lobophyllia radians","zooxanthellate"
"Lobophyllia robusta","zooxanthellate"
"Lobophyllia rowleyensis","zooxanthellate"
"Lobophyllia serrata","zooxanthellate"
"Lobophyllia valenciennesii","zooxanthellate"
"Lobophyllia vitiensis","zooxanthellate"
"Lochmaeotrochus gardineri","azooxanthellate"
"Lochmaeotrochus oculeus","azooxanthellate"
"Lophelia pertusa","azooxanthellate"
"Madracis asanoi","both"
"Madracis asperula","azooxanthellate"
"Madracis auretenra","zooxanthellate"
"Madracis brueggemanni","azooxanthellate"
"Madracis carmabi","zooxanthellate"
"Madracis decactis","zooxanthellate"
"Madracis formosa","zooxanthellate"
"Madracis hellana","azooxanthellate"
"Madracis interjecta","azooxanthellate"
"Madracis kauaiensis","azooxanthellate"
"Madracis kirbyi","zooxanthellate"
"Madracis mirabilis","zooxanthellate"
"Madracis myriaster","azooxanthellate"
"Madracis pharensis","both"
"Madracis profunda","azooxanthellate"
"Madracis senaria","zooxanthellate"
"Madrepora arbuscula","azooxanthellate"
"Madrepora carolina","azooxanthellate"
"Madrepora minutiseptum","azooxanthellate"
"Madrepora oculata","azooxanthellate"
"Madrepora porcellana","azooxanthellate"
"Manicina areolata","zooxanthellate"
"Meandrina brasiliensis","zooxanthellate"
"Meandrina danae","zooxanthellate"
"Meandrina meandrites","zooxanthellate"
"Merulina ampliata","zooxanthellate"
"Merulina scabricula","zooxanthellate"
"Merulina scheeri","zooxanthellate"
"Merulina triangularis","zooxanthellate"
"Micromussa amakusensis","zooxanthellate"
"Micromussa lordhowensis","zooxanthellate"
"Micromussa multipunctata","zooxanthellate"
"Micromussa regularis","zooxanthellate"
"Monohedotrochus circularis","azooxanthellate"
"Monohedotrochus epithecatus","azooxanthellate"
"Monomyces pygmaea","azooxanthellate"
"Monomyces rubrum","azooxanthellate"
"Montastraea cavernosa","zooxanthellate"
"Montigyra kenti","zooxanthellate"
"Montipora aequituberculata","zooxanthellate"
"Montipora altasepta","zooxanthellate"
"Montipora angulata","zooxanthellate"
"Montipora aspergillus","zooxanthellate"
"Montipora australiensis","zooxanthellate"
"Montipora cactus","zooxanthellate"
"Montipora calcarea","zooxanthellate"
"Montipora caliculata","zooxanthellate"
"Montipora capitata","zooxanthellate"
"Montipora capricornis","zooxanthellate"
"Montipora cebuensis","zooxanthellate"
"Montipora circumvallata","zooxanthellate"
"Montipora cocosensis","zooxanthellate"
"Montipora confusa","zooxanthellate"
"Montipora corbettensis","zooxanthellate"
"Montipora crassituberculata","zooxanthellate"
"Montipora cryptus","zooxanthellate"
"Montipora danae","zooxanthellate"
"Montipora delicatula","zooxanthellate"
"Montipora digitata","zooxanthellate"
"Montipora dilatata","zooxanthellate"
"Montipora echinata","zooxanthellate"
"Montipora edwardsi","zooxanthellate"
"Montipora efflorescens","zooxanthellate"
"Montipora effusa","zooxanthellate"
"Montipora flabellata","zooxanthellate"
"Montipora florida","zooxanthellate"
"Montipora floweri","zooxanthellate"
"Montipora foliosa","zooxanthellate"
"Montipora foveolata","zooxanthellate"
"Montipora friabilis","zooxanthellate"
"Montipora gaimardi","zooxanthellate"
"Montipora granulosa","zooxanthellate"
"Montipora grisea","zooxanthellate"
"Montipora hemispherica","zooxanthellate"
"Montipora hirsuta","zooxanthellate"
"Montipora hispida","zooxanthellate"
"Montipora hodgsoni","zooxanthellate"
"Montipora hoffmeisteri","zooxanthellate"
"Montipora incrassata","zooxanthellate"
"Montipora informis","zooxanthellate"
"Montipora kellyi","zooxanthellate"
"Montipora lobulata","zooxanthellate"
"Montipora mactanensis","zooxanthellate"
"Montipora malampaya","zooxanthellate"
"Montipora meandrina","zooxanthellate"
"Montipora millepora","zooxanthellate"
"Montipora mollis","zooxanthellate"
"Montipora monasteriata","zooxanthellate"
"Montipora niugini","zooxanthellate"
"Montipora nodosa","zooxanthellate"
"Montipora orientalis","zooxanthellate"
"Montipora pachytuberculata","zooxanthellate"
"Montipora palawanensis","zooxanthellate"
"Montipora patula","zooxanthellate"
"Montipora peltiformis","zooxanthellate"
"Montipora porites","zooxanthellate"
"Montipora samarensis","zooxanthellate"
"Montipora saudii","zooxanthellate"
"Montipora setosa","zooxanthellate"
"Montipora spongiosa","zooxanthellate"
"Montipora spongodes","zooxanthellate"
"Montipora spumosa","zooxanthellate"
"Montipora stellata","zooxanthellate"
"Montipora stilosa","zooxanthellate"
"Montipora taiwanensis","zooxanthellate"
"Montipora tortuosa","zooxanthellate"
"Montipora tuberculosa","zooxanthellate"
"Montipora turgescens","zooxanthellate"
"Montipora turtlensis","zooxanthellate"
"Montipora undata","zooxanthellate"
"Montipora venosa","zooxanthellate"
"Montipora verrilli","zooxanthellate"
"Montipora verrucosa","zooxanthellate"
"Montipora verruculosa","zooxanthellate"
"Montipora vietnamensis","zooxanthellate"
"Moseleya latistellata","zooxanthellate"
"Mussa angulosa","zooxanthellate"
"Mussismilia braziliensis","zooxanthellate"
"Mussismilia harttii","zooxanthellate"
"Mussismilia hispida","zooxanthellate"
"Mycedium elephantotus","zooxanthellate"
"Mycedium mancaoi","zooxanthellate"
"Mycedium robokaki","zooxanthellate"
"Mycedium spina","zooxanthellate"
"Mycedium steeni","zooxanthellate"
"Mycedium umbra","zooxanthellate"
"Mycetophyllia aliciae","zooxanthellate"
"Mycetophyllia danaana","zooxanthellate"
"Mycetophyllia ferox","zooxanthellate"
"Mycetophyllia lamarckiana","zooxanthellate"
"Mycetophyllia reesi","zooxanthellate"
"Nemenzophyllia turbida","zooxanthellate"
"Nomlandia californica","azooxanthellate"
"Notocyathus conicus","azooxanthellate"
"Notocyathus venustus","azooxanthellate"
"Notophyllia etheridgi","azooxanthellate"
"Notophyllia piscacauda","azooxanthellate"
"Notophyllia recta","azooxanthellate"
"Oculina arbuscula","zooxanthellate"
"Oculina diffusa","both"
"Oculina patagonica","zooxanthellate"
"Oculina profunda","azooxanthellate"
"Oculina robusta","zooxanthellate"
"Oculina tenella","both"
"Oculina valenciennesi","zooxanthellate"
"Oculina varicosa","both"
"Oculina virgosa","azooxanthellate"
"Orbicella annularis","zooxanthellate"
"Orbicella faveolata","zooxanthellate"
"Orbicella franksi","zooxanthellate"
"Oulangia bradleyi","azooxanthellate"
"Oulangia cyathiformis","azooxanthellate"
"Oulangia stokesiana","azooxanthellate"
"Oulastrea crispata","zooxanthellate"
"Oulophyllia bennettae","zooxanthellate"
"Oulophyllia crispa","zooxanthellate"
"Oulophyllia levis","zooxanthellate"
"Oxypora convoluta","zooxanthellate"
"Oxypora crassispinosa","zooxanthellate"
"Oxypora egyptensis","zooxanthellate"
"Oxypora glabra","zooxanthellate"
"Oxypora lacera","zooxanthellate"
"Oxysmilia corrugata","azooxanthellate"
"Oxysmilia rotundifolia","azooxanthellate"
"Pachyseris foliosa","zooxanthellate"
"Pachyseris gemmae","zooxanthellate"
"Pachyseris inattesa","zooxanthellate"
"Pachyseris involuta","zooxanthellate"
"Pachyseris rugosa","zooxanthellate"
"Pachyseris speciosa","zooxanthellate"
"Palauastrea ramosa","zooxanthellate"
"Paraconotrochus antarcticus","azooxanthellate"
"Paraconotrochus capense","azooxanthellate"
"Paraconotrochus zeidleri","azooxanthellate"
"Paracyathus andersoni","azooxanthellate"
"Paracyathus arcuatus","azooxanthellate"
"Paracyathus cavatus","azooxanthellate"
"Paracyathus conceptus","azooxanthellate"
"Paracyathus coronatus","azooxanthellate"
"Paracyathus ebonensis","azooxanthellate"
"Paracyathus fulvus","azooxanthellate"
"Paracyathus humilis","azooxanthellate"
"Paracyathus indicus","azooxanthellate"
"Paracyathus lifuensis","azooxanthellate"
"Paracyathus molokensis","azooxanthellate"
"Paracyathus montereyensis","azooxanthellate"
"Paracyathus parvulus","azooxanthellate"
"Paracyathus porcellanus","azooxanthellate"
"Paracyathus profundus","azooxanthellate"
"Paracyathus pruinosus","azooxanthellate"
"Paracyathus pulchellus","azooxanthellate"
"Paracyathus rotundatus","azooxanthellate"
"Paracyathus stearnsii","azooxanthellate"
"Paracyathus stokesii","azooxanthellate"
"Paracyathus vittatus","azooxanthellate"
"Paragoniastrea australensis","zooxanthellate"
"Paragoniastrea deformis","zooxanthellate"
"Paragoniastrea russelli","zooxanthellate"
"Paramontastraea peresi","zooxanthellate"
"Paramontastraea salebrosa","zooxanthellate"
"Paramontastraea serageldini","zooxanthellate"
"Pavona bipartita","zooxanthellate"
"Pavona cactus","zooxanthellate"
"Pavona chiriquiensis","zooxanthellate"
"Pavona clavus","zooxanthellate"
"Pavona danai","zooxanthellate"
"Pavona decussata","zooxanthellate"
"Pavona diffluens","zooxanthellate"
"Pavona divaricata","zooxanthellate"
"Pavona duerdeni","zooxanthellate"
"Pavona explanulata","zooxanthellate"
"Pavona frondifera","zooxanthellate"
"Pavona gigantea","zooxanthellate"
"Pavona maldivensis","zooxanthellate"
"Pavona minuta","zooxanthellate"
"Pavona varians","zooxanthellate"
"Pavona venosa","zooxanthellate"
"Pavona xarifae","zooxanthellate"
"Pectinia africana","zooxanthellate"
"Pectinia alcicornis","zooxanthellate"
"Pectinia crassa","zooxanthellate"
"Pectinia elongata","zooxanthellate"
"Pectinia lactuca","zooxanthellate"
"Pectinia maxima","zooxanthellate"
"Pectinia paeonia","zooxanthellate"
"Pectinia pygmaea","zooxanthellate"
"Pectinia teres","zooxanthellate"
"Pedicellocyathus keyesi","azooxanthellate"
"Peponocyathus dawsoni","azooxanthellate"
"Peponocyathus folliculus","azooxanthellate"
"Peponocyathus minimus","azooxanthellate"
"Petrophyllia rediviva","azooxanthellate"
"Phacelocyathus flos","azooxanthellate"
"Phyllangia americana","azooxanthellate"
"Phyllangia consagensis","azooxanthellate"
"Phyllangia dispersa","azooxanthellate"
"Phyllangia echinosepes","azooxanthellate"
"Phyllangia granulata","azooxanthellate"
"Phyllangia hayamaensis","azooxanthellate"
"Phyllangia papuensis","azooxanthellate"
"Physogyra lichtensteini","zooxanthellate"
"Physophyllia ayleni","zooxanthellate"
"Placotrochides frustum","azooxanthellate"
"Placotrochides scaphula","azooxanthellate"
"Placotrochus laevis","azooxanthellate"
"Platygyra acuta","zooxanthellate"
"Platygyra carnosa","zooxanthellate"
"Platygyra contorta","zooxanthellate"
"Platygyra crosslandi","zooxanthellate"
"Platygyra daedalea","zooxanthellate"
"Platygyra lamellina","zooxanthellate"
"Platygyra pini","zooxanthellate"
"Platygyra ryukyuensis","zooxanthellate"
"Platygyra sinensis","zooxanthellate"
"Platygyra verweyi","zooxanthellate"
"Platygyra yaeyamaensis","zooxanthellate"
"Platytrochus compressus","azooxanthellate"
"Platytrochus hastatus","azooxanthellate"
"Platytrochus laevigatus","azooxanthellate"
"Platytrochus parisepta","azooxanthellate"
"Pleotrochus venustus","azooxanthellate"
"Pleotrochus zibrowii","azooxanthellate"
"Plerogyra cauliformis","zooxanthellate"
"Plerogyra diabolotus","zooxanthellate"
"Plerogyra discus","zooxanthellate"
"Plerogyra eurysepta","zooxanthellate"
"Plerogyra multilobata","zooxanthellate"
"Plerogyra simplex","zooxanthellate"
"Plerogyra sinuosa","zooxanthellate"
"Plesiastrea versipora","zooxanthellate"
"Pleuractis granulosa","zooxanthellate"
"Pleuractis gravis","zooxanthellate"
"Pleuractis moluccensis","zooxanthellate"
"Pleuractis paumotensis","zooxanthellate"
"Pleuractis seychellensis","zooxanthellate"
"Pleuractis taiwanensis","zooxanthellate"
"Pocillopora acuta","zooxanthellate"
"Pocillopora aliciae","zooxanthellate"
"Pocillopora ankeli","zooxanthellate"
"Pocillopora bairdi","zooxanthellate"
"Pocillopora brevicornis","zooxanthellate"
"Pocillopora capitata","zooxanthellate"
"Pocillopora damicornis","zooxanthellate"
"Pocillopora effusa","zooxanthellate"
"Pocillopora elegans","zooxanthellate"
"Pocillopora fungiformis","zooxanthellate"
"Pocillopora grandis","zooxanthellate"
"Pocillopora indiania","zooxanthellate"
"Pocillopora inflata","zooxanthellate"
"Pocillopora kelleheri","zooxanthellate"
"Pocillopora ligulata","zooxanthellate"
"Pocillopora meandrina","zooxanthellate"
"Pocillopora molokensis","zooxanthellate"
"Pocillopora solida","zooxanthellate"
"Pocillopora verrucosa","zooxanthellate"
"Pocillopora woodjonesi","zooxanthellate"
"Pocillopora zelli","zooxanthellate"
"Podabacia crustacea","zooxanthellate"
"Podabacia kunzmanni","zooxanthellate"
"Podabacia lankaensis","zooxanthellate"
"Podabacia motuporensis","zooxanthellate"
"Podabacia sinai","zooxanthellate"
"Polycyathus andamanensis","azooxanthellate"
"Polycyathus atlanticus","azooxanthellate"
"Polycyathus chaishanensis","zooxanthellate"
"Polycyathus difficilis","azooxanthellate"
"Polycyathus fulvus","azooxanthellate"
"Polycyathus furanaensis","azooxanthellate"
"Polycyathus fuscomarginatus","azooxanthellate"
"Polycyathus hodgsoni","azooxanthellate"
"Polycyathus hondaensis","azooxanthellate"
"Polycyathus isabela","azooxanthellate"
"Polycyathus marigondoni","azooxanthellate"
"Polycyathus muellerae","azooxanthellate"
"Polycyathus norfolkensis","azooxanthellate"
"Polycyathus octuplus","azooxanthellate"
"Polycyathus palifera","azooxanthellate"
"Polycyathus persicus","azooxanthellate"
"Polycyathus senegalensis","azooxanthellate"
"Polycyathus verrilli","azooxanthellate"
"Polymyces fragilis","azooxanthellate"
"Polymyces montereyensis","azooxanthellate"
"Polymyces wellsi","azooxanthellate"
"Polyphyllia novaehiberniae","zooxanthellate"
"Polyphyllia talpina","zooxanthellate"
"Porites annae","zooxanthellate"
"Porites aranetai","zooxanthellate"
"Porites arnaudi","zooxanthellate"
"Porites astreoides","zooxanthellate"
"Porites attenuata","zooxanthellate"
"Porites australiensis","zooxanthellate"
"Porites baueri","zooxanthellate"
"Porites bernardi","zooxanthellate"
"Porites branneri","zooxanthellate"
"Porites brighami","zooxanthellate"
"Porites cocosensis","zooxanthellate"
"Porites colonensis","zooxanthellate"
"Porites columnaris","zooxanthellate"
"Porites compressa","zooxanthellate"
"Porites cumulatus","zooxanthellate"
"Porites cylindrica","zooxanthellate"
"Porites decasepta","zooxanthellate"
"Porites deformis","zooxanthellate"
"Porites densa","zooxanthellate"
"Porites desilveri","zooxanthellate"
"Porites divaricata","zooxanthellate"
"Porites duerdeni","zooxanthellate"
"Porites echinulata","zooxanthellate"
"Porites ericacea","zooxanthellate"
"Porites evermanni","zooxanthellate"
"Porites excavata","zooxanthellate"
"Porites flavus","zooxanthellate"
"Porites fontanesii","zooxanthellate"
"Porites furcata","zooxanthellate"
"Porites gabonensis","zooxanthellate"
"Porites harrisoni","zooxanthellate"
"Porites hawaiiensis","zooxanthellate"
"Porites heronensis","zooxanthellate"
"Porites horizontalata","zooxanthellate"
"Porites latistellata","zooxanthellate"
"Porites lichen","zooxanthellate"
"Porites lobata","zooxanthellate"
"Porites lutea","zooxanthellate"
"Porites mayeri","zooxanthellate"
"Porites monticulosa","zooxanthellate"
"Porites murrayensis","zooxanthellate"
"Porites myrmidonensis","zooxanthellate"
"Porites napopora","zooxanthellate"
"Porites negrosensis","zooxanthellate"
"Porites nigrescens","zooxanthellate"
"Porites nodifera","zooxanthellate"
"Porites okinawensis","zooxanthellate"
"Porites ornata","zooxanthellate"
"Porites panamensis","zooxanthellate"
"Porites porites","zooxanthellate"
"Porites profundus","zooxanthellate"
"Porites pukoensis","zooxanthellate"
"Porites randalli","zooxanthellate"
"Porites rugosus","zooxanthellate"
"Porites rus","zooxanthellate"
"Porites sillimaniani","zooxanthellate"
"Porites solida","zooxanthellate"
"Porites somaliensis","zooxanthellate"
"Porites stephensoni","zooxanthellate"
"Porites studeri","zooxanthellate"
"Porites sverdrupi","zooxanthellate"
"Porites tuberculosus","zooxanthellate"
"Porites vaughani","zooxanthellate"
"Pourtalocyathus hispidus","azooxanthellate"
"Pourtalopsammia togata","azooxanthellate"
"Pourtalosmilia anthophyllites","azooxanthellate"
"Pourtalosmilia conferta","azooxanthellate"
"Premocyathus cornuformis","azooxanthellate"
"Premocyathus dentiformis","azooxanthellate"
"Psammocora albopicta","zooxanthellate"
"Psammocora contigua","zooxanthellate"
"Psammocora digitata","zooxanthellate"
"Psammocora haimiana","zooxanthellate"
"Psammocora interstinctus","zooxanthellate"
"Psammocora nierstraszi","zooxanthellate"
"Psammocora profundacella","zooxanthellate"
"Psammocora stellata","zooxanthellate"
"Pseudocyathoceras avis","azooxanthellate"
"Pseudodiploria clivosa","zooxanthellate"
"Pseudodiploria strigosa","zooxanthellate"
"Pseudosiderastrea formosa","zooxanthellate"
"Pseudosiderastrea tayamai","zooxanthellate"
"Rhizopsammia annae","azooxanthellate"
"Rhizopsammia bermudensis","azooxanthellate"
"Rhizopsammia compacta","azooxanthellate"
"Rhizopsammia goesi","azooxanthellate"
"Rhizopsammia minuta","azooxanthellate"
"Rhizopsammia nuda","azooxanthellate"
"Rhizopsammia pulchra","azooxanthellate"
"Rhizopsammia verrilli","azooxanthellate"
"Rhizopsammia wellingtoni","azooxanthellate"
"Rhizopsammia wettsteini","azooxanthellate"
"Rhizosmilia elata","azooxanthellate"
"Rhizosmilia gerdae","azooxanthellate"
"Rhizosmilia maculata","azooxanthellate"
"Rhizosmilia multipalifera","azooxanthellate"
"Rhizosmilia robusta","azooxanthellate"
"Rhizosmilia sagamiensis","azooxanthellate"
"Rhizosmilia valida","azooxanthellate"
"Rhizotrochus flabelliformis","azooxanthellate"
"Rhizotrochus levidensis","azooxanthellate"
"Rhizotrochus tuberculatus","azooxanthellate"
"Rhizotrochus typus","azooxanthellate"
"Rhombopsammia niphada","azooxanthellate"
"Rhombopsammia squiresi","azooxanthellate"
"Sandalolitha dentata","zooxanthellate"
"Sandalolitha robusta","zooxanthellate"
"Scapophyllia cylindrica","zooxanthellate"
"Schizoculina africana","zooxanthellate"
"Schizoculina fissipara","zooxanthellate"
"Schizocyathus fissilis","azooxanthellate"
"Sclerophyllia margariticola","zooxanthellate"
"Sclerophyllia maxima","zooxanthellate"
"Scolymia cubensis","zooxanthellate"
"Scolymia lacera","zooxanthellate"
"Scolymia wellsii","zooxanthellate"
"Seriatopora aculeata","zooxanthellate"
"Seriatopora caliendrum","zooxanthellate"
"Seriatopora dentritica","zooxanthellate"
"Seriatopora guttata","zooxanthellate"
"Seriatopora hystrix","zooxanthellate"
"Seriatopora stellata","zooxanthellate"
"Siderastrea radians","zooxanthellate"
"Siderastrea savignyana","zooxanthellate"
"Siderastrea siderea","zooxanthellate"
"Siderastrea stellata","zooxanthellate"
"Simplastrea vesicularis","zooxanthellate"
"Solenastrea bournoni","zooxanthellate"
"Solenastrea hyades","zooxanthellate"
"Solenosmilia variabilis","azooxanthellate"
"Sphenotrochus andrewianus","azooxanthellate"
"Sphenotrochus aurantiacus","azooxanthellate"
"Sphenotrochus auritus","azooxanthellate"
"Sphenotrochus evexicostatus","azooxanthellate"
"Sphenotrochus excavatus","azooxanthellate"
"Sphenotrochus gardineri","azooxanthellate"
"Sphenotrochus gilchristi","azooxanthellate"
"Sphenotrochus hancocki","azooxanthellate"
"Sphenotrochus imbricaticostatus","azooxanthellate"
"Sphenotrochus ralphae","azooxanthellate"
"Sphenotrochus squiresi","azooxanthellate"
"Stenocyathus vermiformis","azooxanthellate"
"Stephanocoenia intersepta","zooxanthellate"
"Stephanocyathus campaniformis","azooxanthellate"
"Stephanocyathus coronatus","azooxanthellate"
"Stephanocyathus crassus","azooxanthellate"
"Stephanocyathus diadema","azooxanthellate"
"Stephanocyathus explanans","azooxanthellate"
"Stephanocyathus laevifundus","azooxanthellate"
"Stephanocyathus moseleyanus","azooxanthellate"
"Stephanocyathus nobilis","azooxanthellate"
"Stephanocyathus paliferus","azooxanthellate"
"Stephanocyathus platypus","azooxanthellate"
"Stephanocyathus regius","azooxanthellate"
"Stephanocyathus spiniger","azooxanthellate"
"Stephanocyathus weberianus","azooxanthellate"
"Stephanophyllia complicata","azooxanthellate"
"Stephanophyllia fungulus","azooxanthellate"
"Stephanophyllia neglecta","azooxanthellate"
"Stylaraea punctata","zooxanthellate"
"Stylocoeniella armata","zooxanthellate"
"Stylocoeniella cocosensis","zooxanthellate"
"Stylocoeniella guentheri","zooxanthellate"
"Stylocoeniella muscosus","zooxanthellate"
"Stylophora danae","zooxanthellate"
"Stylophora kuehlmanni","zooxanthellate"
"Stylophora madagascarensis","zooxanthellate"
"Stylophora mamillata","zooxanthellate"
"Stylophora pistillata","zooxanthellate"
"Stylophora subseriata","zooxanthellate"
"Stylophora wellsi","zooxanthellate"
"Symphyllia recta","zooxanthellate"
"Sympodangia albatrossi","azooxanthellate"
"Temnotrochus kermadecensis","azooxanthellate"
"Tethocyathus cylindraceus","azooxanthellate"
"Tethocyathus minor","azooxanthellate"
"Tethocyathus recurvatus","azooxanthellate"
"Tethocyathus variabilis","azooxanthellate"
"Tethocyathus virgatus","azooxanthellate"
"Thalamophyllia gasti","azooxanthellate"
"Thalamophyllia gombergi","azooxanthellate"
"Thalamophyllia riisei","azooxanthellate"
"Thalamophyllia tenuescens","azooxanthellate"
"Thecopsammia elongata","azooxanthellate"
"Thecopsammia socialis","azooxanthellate"
"Thrypticotrochus petterdi","azooxanthellate"
"Trachyphyllia geoffroyi","zooxanthellate"
"Trematotrochus corbicula","azooxanthellate"
"Trematotrochus hedleyi","azooxanthellate"
"Trochocyathus aithoseptatus","azooxanthellate"
"Trochocyathus apertus","azooxanthellate"
"Trochocyathus brevispina","azooxanthellate"
"Trochocyathus burchae","azooxanthellate"
"Trochocyathus caryophylloides","azooxanthellate"
"Trochocyathus cepulla","azooxanthellate"
"Trochocyathus cooperi","azooxanthellate"
"Trochocyathus decamera","azooxanthellate"
"Trochocyathus discus","azooxanthellate"
"Trochocyathus efateensis","azooxanthellate"
"Trochocyathus fasciatus","azooxanthellate"
"Trochocyathus fossulus","azooxanthellate"
"Trochocyathus gardineri","azooxanthellate"
"Trochocyathus gordoni","azooxanthellate"
"Trochocyathus hastatus","azooxanthellate"
"Trochocyathus japonicus","azooxanthellate"
"Trochocyathus longispina","azooxanthellate"
"Trochocyathus maculatus","azooxanthellate"
"Trochocyathus mauiensis","azooxanthellate"
"Trochocyathus oahensis","azooxanthellate"
"Trochocyathus patelliformis","azooxanthellate"
"Trochocyathus philippinensis","azooxanthellate"
"Trochocyathus porphyreus","azooxanthellate"
"Trochocyathus rawsonii","azooxanthellate"
"Trochocyathus rhombocolumna","azooxanthellate"
"Trochocyathus semperi","azooxanthellate"
"Trochocyathus spinosocostatus","azooxanthellate"
"Trochocyathus vasiformis","azooxanthellate"
"Trochopsammia infundibulum","azooxanthellate"
"Tropidocyathus labidus","azooxanthellate"
"Tropidocyathus lessonii","azooxanthellate"
"Truncatoflabellum aculeatum","azooxanthellate"
"Truncatoflabellum angiostomum","azooxanthellate"
"Truncatoflabellum angustum","azooxanthellate"
"Truncatoflabellum arcuatum","azooxanthellate"
"Truncatoflabellum australiensis","azooxanthellate"
"Truncatoflabellum candeanum","azooxanthellate"
"Truncatoflabellum carinatum","azooxanthellate"
"Truncatoflabellum crassum","azooxanthellate"
"Truncatoflabellum cumingii","azooxanthellate"
"Truncatoflabellum dens","azooxanthellate"
"Truncatoflabellum formosum","azooxanthellate"
"Truncatoflabellum gardineri","azooxanthellate"
"Truncatoflabellum inconstans","azooxanthellate"
"Truncatoflabellum incrustatum","azooxanthellate"
"Truncatoflabellum irregulare","azooxanthellate"
"Truncatoflabellum macroeschara","azooxanthellate"
"Truncatoflabellum martensii","azooxanthellate"
"Truncatoflabellum mortenseni","azooxanthellate"
"Truncatoflabellum multispinosum","azooxanthellate"
"Truncatoflabellum paripavoninum","azooxanthellate"
"Truncatoflabellum phoenix","azooxanthellate"
"Truncatoflabellum pusillum","azooxanthellate"
"Truncatoflabellum spheniscus","azooxanthellate"
"Truncatoflabellum stabile","azooxanthellate"
"Truncatoflabellum stokesii","azooxanthellate"
"Truncatoflabellum trapezoideum","azooxanthellate"
"Truncatoflabellum truncum","azooxanthellate"
"Truncatoflabellum vanuatu","azooxanthellate"
"Truncatoflabellum veroni","azooxanthellate"
"Truncatoflabellum vigintifarium","azooxanthellate"
"Truncatoflabellum zuluense","azooxanthellate"
"Truncatoguynia irregularis","azooxanthellate"
"Tubastraea coccinea","azooxanthellate"
"Tubastraea diaphana","azooxanthellate"
"Tubastraea faulkneri","azooxanthellate"
"Tubastraea floreana","azooxanthellate"
"Tubastraea micranthus","azooxanthellate"
"Tubastraea tagusensis","azooxanthellate"
"Turbinaria bifrons","zooxanthellate"
"Turbinaria conspicua","zooxanthellate"
"Turbinaria crater","zooxanthellate"
"Turbinaria frondens","zooxanthellate"
"Turbinaria heronensis","zooxanthellate"
"Turbinaria irregularis","zooxanthellate"
"Turbinaria mesenterina","zooxanthellate"
"Turbinaria patula","zooxanthellate"
"Turbinaria peltata","zooxanthellate"
"Turbinaria radicalis","zooxanthellate"
"Turbinaria reniformis","zooxanthellate"
"Turbinaria stellulata","zooxanthellate"
"Turbinolia stephensoni","azooxanthellate"
"Vaughanella concinna","azooxanthellate"
"Vaughanella margaritata","azooxanthellate"
"Vaughanella multipalifera","azooxanthellate"
"Vaughanella oreophila","azooxanthellate"
"Zoopilus echinatus","zooxanthellate"
